id;Car Make;Car Model;Horsepower_Torque;Date;0-60 MPH Time (seconds);Price (in USD)
0;Porsche;911;379, 331;01/01/2022;4;101,200
1;Lamborghini;Huracan;630, 443;01/01/2021;2.8;274,390
2;Ferrari;488 GTB;661, 561;01/01/2022;3;333,750
3;Audi;R8;562, 406;01/01/2022;3.2;142,700
4;McLaren;720S;710, 568;01/01/2021;2.7;298,000
5;BMW;M8;617, 553;01/01/2022;3.1;130,000
6;Mercedes-Benz;AMG GT;523, 494;01/01/2021;3.8;118,500
7;Chevrolet;Corvette;490, 465;01/01/2021;2.8;59,900
8;Ford;Mustang Shelby GT500;760, 625;01/01/2022;3.5;81,000
9;Nissan;GT-R Nismo;600, 481;01/01/2021;2.5;212,000
10;Aston Martin;DB11;630, 516;01/01/2021;3.5;201,495
11;Bugatti;Chiron;1500, 1180;01/01/2021;2.4;3,000,000
12;Dodge;Challenger SRT Hellcat;717, 656;01/01/2022;3.5;61,000
13;Jaguar;F-Type;296, 295;01/01/2022;5.4;70,100
14;Koenigsegg;Jesko;1280, 1015;01/01/2021;2.5;2,800,000
15;Lexus;LC 500;471, 398;01/01/2021;4.4;92,950
16;Lotus;Evora GT;416, 317;01/01/2021;3.8;104,450
17;Maserati;GranTurismo;454, 384;01/01/2021;4.8;150,000
18;Porsche;Boxster;300, 280;01/01/2021;4.7;62,000
19;Alfa Romeo;Giulia Quadrifoglio;505, 443;01/01/2022;3.8;78,000
20;Ariel;Atom;320, 243;01/01/2021;2.8;75,000
21;Bentley;Continental GT;626, 664;01/01/2021;3.6;225,000
22;McLaren;Artura;671, 531;01/01/2022;3;225,000
23;Mercedes-AMG;SLS AMG;622, 468;01/01/2021;3.5;248,000
24;Pagani;Huayra;720, 737;01/01/2021;2.8;2,800,000
25;Polestar;1;600, 738;01/01/2021;4.1;155,000
26;Rimac;Nevera;1914, 1696;01/01/2022;1.85;2,400,000
27;Porsche;Cayman GT4;414, 309;01/01/2022;3.8;100,200
28;Lamborghini;Aventador SVJ;759, 531;01/01/2021;2.8;517,770
29;Ferrari;SF90 Stradale;986, 590;01/01/2021;2.5;625,000
30;Audi;RS7;591, 590;01/01/2022;3.5;117,000
31;McLaren;Artura;671, 531;01/01/2021;3;225,000
32;BMW;M4;503, 479;01/01/2022;3.8;72,800
33;Mercedes-Benz;SLS AMG;622, 468;01/01/2015;3.2;222,000
34;Chevrolet;Camaro ZL1;650, 650;01/01/2021;3.5;64,695
35;Ford;GT;660, 550;01/01/2022;3;500,000
36;Nissan;370Z Nismo;350, 276;01/01/2021;4.5;45,690
37;Porsche;Taycan 4S;562, 479;01/01/2022;3.8;104,000
38;Lamborghini;Urus;641, 626;01/01/2021;3.5;218,000
39;Ferrari;Roma;611, 561;01/01/2021;3.3;222,000
40;Audi;RS3;394, 369;01/01/2022;3.9;57,000
41;McLaren;GT;612, 465;01/01/2021;3.1;210,000
42;BMW;i8;369, 420;01/01/2020;4.2;148,500
43;Mercedes-Benz;CLS63 AMG;603, 627;01/01/2019;3.4;132,000
44;Porsche;Cayman;300, 280;01/01/2021;5.1;58,900
45;Lamborghini;Aventador SVJ;759, 531;01/01/2021;2.8;518,000
46;Ferrari;SF90 Stradale;986, 590;01/01/2021;2.5;625,000
47;Audi;RS3;394, 369;01/01/2022;3.9;56,200
48;McLaren;570S;562, 443;01/01/2021;2.8;192,500
49;BMW;M4;503, 479;01/01/2022;3.8;71,800
50;Mercedes-Benz;AMG C63;503, 516;01/01/2021;3.8;68,000
51;Chevrolet;Camaro SS;455, 455;01/01/2021;4.1;42,500
52;Ford;Mustang GT;460, 420;01/01/2022;4.3;39,000
53;Nissan;370Z Nismo;350, 276;01/01/2021;4.8;46,100
54;Aston Martin;Vantage;503, 505;01/01/2021;3.5;142,100
55;Lotus;Evora GT;416, 317;01/01/2021;3.8;105,000
56;Porsche;Panamera;325, 331;01/01/2021;5.1;87,200
57;Lamborghini;Urus;641, 627;01/01/2021;3.2;218,000
58;Ferrari;Roma;612, 560;01/01/2021;3.4;222,000
59;Audi;S5;349, 369;01/01/2022;4.4;52,500
60;McLaren;600LT;592, 457;01/01/2021;2.8;241,000
61;BMW;M5;600, 553;01/01/2022;3.2;103,500
62;Aston Martin;Vantage;503, 505;01/01/2022;3.5;146,000
63;Audi;RS5;444, 443;01/01/2021;3.6;75,400
64;BMW;M2;405, 406;01/01/2022;4;58,900
65;Chevrolet;Camaro SS;455, 455;01/01/2021;4;42,900
66;Dodge;Challenger SRT Hellcat Redeye;797, 707;01/01/2022;3.4;78,595
67;Ford;GT;660, 550;01/01/2021;3;500,000
68;Jaguar;F-Type;296, 295;01/01/2022;5.4;62,750
69;Lamborghini;Aventador;770, 531;01/01/2021;2.9;417,826
70;Maserati;GranTurismo;454, 384;01/01/2021;4.7;150,980
71;McLaren;Artura;671, 531;01/01/2022;3;225,000
72;Mercedes-Benz;C63 AMG;503, 516;01/01/2021;3.8;70,100
73;Nissan;370Z;332, 270;01/01/2021;5;30,090
74;Porsche;Panamera;325, 331;01/01/2022;5.3;88,700
75;Audi;TT RS;394, 354;01/01/2021;3.6;67,600
76;BMW;M4;473, 406;01/01/2022;4.1;72,800
77;Chevrolet;Corvette Stingray;490, 465;01/01/2021;2.8;59,900
78;Ferrari;F8 Tributo;710, 568;01/01/2021;2.8;274,280
79;Ford;Mustang Mach 1;480, 420;01/01/2021;4.3;52,915
80;Lamborghini;Urus;641, 627;01/01/2021;3.6;218,009
81;Porsche;718 Cayman;300, 280;01/01/2022;4.5;61,000
82;Acura;NSX;573, 476;01/01/2022;2.9;159,495
83;Aston Martin;Vantage;503, 505;01/01/2022;3.5;142,086
84;Bentley;Continental GT;626, 664;01/01/2021;3.3;219,800
85;Bugatti;Chiron;1500, 1180;01/01/2022;2.4;3,000,000
86;Dodge;Challenger SRT Hellcat Redeye;797, 707;01/01/2022;3.4;74,290
87;Jaguar;F-Type;380, 339;01/01/2022;4.9;71,900
88;Koenigsegg;Jesko;1600, 1106;01/01/2022;2.5;3,000,000
89;Lexus;LC 500;471, 398;01/01/2022;4.4;92,950
90;Lotus;Evora GT;416, 317;01/01/2021;3.8;105,000
91;Maserati;GranTurismo;454, 384;01/01/2022;4.7;134,300
92;Mazda;MX-5 Miata;181, 151;01/01/2021;6.5;26,830
93;McLaren;GT;620, 465;01/01/2022;3.1;213,195
94;Mercedes-Benz;SLS AMG;622, 468;01/01/2015;3.7;221,580
95;Pagani;Huayra;764, 738;01/01/2022;2.8;2,800,000
96;Porsche;718 Cayman GT4;414, 309;01/01/2022;4.2;100,550
97;Rimac;Nevera;1914, 1696;01/01/2022;1.95;2,400,000
98;Rolls-Royce;Wraith;624, 605;01/01/2021;4.4;330,000
99;Tesla;Roadster;1000+, 737;01/01/2022;1.9;200,000
100;Toyota;Supra;382, 368;01/01/2022;3.9;43,090
101;W Motors;Fenyr Supersport;800, 723;01/01/2022;2.7;1,700,000
102;Porsche;718 Cayman;300, 280;01/01/2022;4.7;60,500
103;Lamborghini;Aventador;770, 531;01/01/2021;2.9;522,000
104;Ferrari;SF90 Stradale;986, 590;01/01/2021;2.5;625,000
105;Audi;TT RS;394, 354;01/01/2022;3.4;67,000
106;McLaren;GT;612, 465;01/01/2021;3.1;212,500
107;BMW;M4;503, 479;01/01/2022;3.8;75,000
108;Mercedes-Benz;SL 63 AMG;603, 664;01/01/2021;3.5;155,000
109;Chevrolet;Camaro ZL1;650, 650;01/01/2021;3.5;64,000
110;Ford;GT;660, 550;01/01/2022;2.8;500,000
111;Nissan;370Z;332, 270;01/01/2021;4.7;31,015
112;Aston Martin;DBS Superleggera;715, 664;01/01/2021;3.4;304,995
113;Bugatti;Chiron;1500, 1180;01/01/2021;2.4;3,000,000
114;Lotus;Evora GT;416, 317;01/01/2021;3.8;105,000
115;McLaren;570S;562, 443;01/01/2021;3.2;192,500
116;Porsche;Panamera Turbo S E-Hybrid;690, 642;01/01/2021;3.2;190,000
117;Lamborghini;Urus;641, 627;01/01/2021;3.6;222,000
118;Ferrari;Roma;611, 561;01/01/2021;3.3;222,000
119;Audi;RS7;591, 590;01/01/2021;3.5;115,000
120;BMW;M2;405, 406;01/01/2022;4.2;59,000
121;Porsche;Cayman GT4;414, 309;01/01/2022;4.2;102,100
122;Lamborghini;Aventador;730, 509;01/01/2021;2.9;417,826
123;Aston Martin;DBS Superleggera;715, 664;01/01/2021;3.2;304,995
124;Bentley;Continental GT;626, 664;01/01/2021;3.6;220,300
125;Audi;RS7;591, 590;01/01/2022;3.5;114,000
126;Mercedes-Benz;SLS AMG;622, 468;01/01/2021;3.7;239,100
127;McLaren;570S;562, 443;01/01/2021;3.1;192,500
128;BMW;M2;405, 406;01/01/2022;4;58,900
129;Chevrolet;Camaro ZL1;650, 650;01/01/2021;3.5;62,500
130;Dodge;Challenger SRT Hellcat;717, 656;01/01/2021;3.5;65,290
131;Ferrari;Portofino;592, 560;01/01/2021;3.5;219,750
132;Porsche;Panamera Turbo S;620, 604;01/01/2022;2.9;187,700
133;Lamborghini;Urus;641, 627;01/01/2021;3.6;222,004
134;Mercedes-Benz;AMG C63;469, 479;01/01/2021;3.8;71,350
135;Aston Martin;Vantage;503, 505;01/01/2021;3.6;146,000
136;Audi;S5;349, 369;01/01/2022;4.4;52,500
137;Porsche;Cayman;365, 309;01/01/2022;4.5;68,900
138;Lamborghini;Aventador;730, 507;01/01/2021;2.8;517,770
139;Ferrari;F8 Tributo;710, 568;01/01/2022;2.9;276,550
140;Audi;TT RS;394, 354;01/01/2021;3.6;67,600
141;McLaren;570S;562, 443;01/01/2021;3.1;192,500
142;BMW;Z4 M40i;382, 369;01/01/2022;3.9;63,700
143;Mercedes-Benz;SLS AMG;622, 468;01/01/2015;3.7;221,580
144;Chevrolet;Camaro SS;455, 455;01/01/2022;4.1;44,000
145;Ford;Mustang Mach 1;480, 420;01/01/2021;4;51,720
146;Nissan;370Z Nismo;350, 276;01/01/2021;4.9;45,790
147;Porsche;Panamera;325, 331;01/01/2022;5.4;88,550
148;Lamborghini;Urus;641, 627;01/01/2021;3.5;218,009
149;Ferrari;Roma;612, 561;01/01/2021;3.3;222,620
150;Audi;RS 3;401, 369;01/01/2022;3.6;56,200
151;McLaren;GT;612, 465;01/01/2021;3.2;200,000
152;BMW;M2 CS;444, 406;01/01/2022;3.8;84,595
153;Mercedes-Benz;AMG C63;503, 516;01/01/2021;3.8;77,500
154;Chevrolet;Camaro ZL1;650, 650;01/01/2021;3.5;62,500
155;Acura;NSX;573, 476;01/01/2021;2.7;157,500
156;Aston Martin;DB11;503, 513;01/01/2022;3.7;204,100
157;Bentley;Continental GT;626, 664;01/01/2021;3.4;220,300
158;Bugatti;Chiron;1500, 1180;01/01/2021;2.4;3,000,000
159;Dodge;Viper;645, 600;01/01/2017;3.3;120,000
160;Jaguar;F-Type;380, 339;01/01/2022;4.9;69,900
161;Koenigsegg;Jesko;1600, 1106;01/01/2022;2.5;3,000,000
162;Lexus;LC 500;471, 398;01/01/2022;4.4;92,950
163;Lotus;Evora GT;416, 317;01/01/2021;3.8;105,950
164;Maserati;GranTurismo;454, 384;01/01/2020;4.8;150,000
165;McLaren;570S;562, 443;01/01/2020;3.1;204,550
166;Pagani;Huayra;720, 738;01/01/2020;3;2,700,000
167;Porsche;Cayman GT4;414, 309;01/01/2022;4.2;102,900
168;Rimac;C_Two;1914, 1696;01/01/2022;1.9;2,400,000
169;Rolls-Royce;Wraith;624, 605;01/01/2021;4.3;330,000
170;Shelby;Cobra;435, 440;01/01/1965;4.2;1,000,000
171;Tesla;Model S Plaid;1020, 1050;01/01/2021;1.98;131,190
172;Toyota;GR Supra;382, 368;01/01/2022;3.9;43,090
173;TVR;Griffith;500, 479;01/01/2022;3.8;123,500
174;W Motors;Lykan Hypersport;780, 708;01/01/2015;2.8;3,400,000
175;Porsche;718 Cayman;300, 280;01/01/2021;4.5;61,500
176;Lamborghini;Aventador SVJ;770, 531;01/01/2021;2.8;518,000
177;Ferrari;SF90 Stradale;986, 590;01/01/2022;2.5;507,000
178;Audi;RS 6;591, 590;01/01/2021;3.5;109,000
179;McLaren;GT;612, 465;01/01/2021;3.1;210,000
180;BMW;M2 CS;444, 406;01/01/2022;3.8;84,595
181;Mercedes-Benz;SLS AMG;622, 468;01/01/2015;3.6;228,000
182;Chevrolet;Camaro SS;455, 455;01/01/2021;4;42,000
183;Ford;GT;660, 550;01/01/2022;2.8;500,000
184;Nissan;370Z Nismo;350, 276;01/01/2021;5;45,000
185;Porsche;Taycan;750, 774;01/01/2021;2.6;185,000
186;Lamborghini;Urus;641, 627;01/01/2021;3.6;222,004
187;Ferrari;F8 Tributo;710, 568;01/01/2021;2.9;276,550
188;Audi;RS 3;401, 354;01/01/2022;3.5;56,000
189;McLaren;570S;562, 443;01/01/2021;3.1;191,000
190;BMW;M5;600, 553;01/01/2022;3.2;104,000
191;Mercedes-Benz;AMG C 63;469, 479;01/01/2021;3.9;69,900
192;Chevrolet;Camaro ZL1;650, 650;01/01/2021;3.5;64,000
193;Porsche;Taycan;402, 254;01/01/2022;5.1;81,250
194;Lamborghini;Aventador;730, 509;01/01/2021;2.9;517,700
195;Aston Martin;DBS Superleggera;715, 663;01/01/2022;3.4;330,000
196;Audi;RS 6 Avant;591, 590;01/01/2021;3.5;109,000
197;McLaren;600LT;592, 457;01/01/2021;2.8;242,500
198;Mercedes-AMG;C 63 S Coupe;503, 516;01/01/2022;3.7;77,000
199;BMW;M4;473, 406;01/01/2022;4.1;72,800
200;Chevrolet;Camaro ZL1;650, 650;01/01/2021;3.5;62,000
201;Dodge;Challenger SRT Hellcat Redeye;797, 707;01/01/2022;3.5;76,000
202;Ford;GT;660, 550;01/01/2022;2.9;500,000
203;Nissan;370Z;332, 270;01/01/2021;4.9;30,090
204;Porsche;Panamera;325, 332;01/01/2022;5.3;87,200
205;Lamborghini;Urus;641, 626;01/01/2021;3.5;218,000
206;Bugatti;Chiron;1500, 1180;01/01/2021;2.3;3,000,000
207;Ferrari;F8 Tributo;710, 568;01/01/2021;2.9;274,280
208;Audi;RS 7;591, 590;01/01/2021;3.5;114,000
209;McLaren;570S;562, 443;01/01/2021;3.1;191,000
210;Aston Martin;Vantage;503, 505;01/01/2022;3.5;142,086
211;Jaguar;F-Type;575, 516;01/01/2022;3.5;103,200
212;Porsche;Panamera Turbo S;620, 604;01/01/2021;2.9;177,700
213;Lamborghini;Aventador S;729, 509;01/01/2021;2.9;417,650
214;Ferrari;SF90 Stradale;986, 590;01/01/2021;2.5;625,000
215;Audi;RS7;591, 590;01/01/2022;3.5;115,045
216;McLaren;600LT;592, 457;01/01/2021;2.9;256,500
217;BMW;M2 Competition;405, 406;01/01/2022;4;59,895
218;Mercedes-Benz;S63 AMG;603, 664;01/01/2021;3.4;152,500
219;Chevrolet;Camaro ZL1;650, 650;01/01/2021;3.5;64,695
220;Dodge;Challenger SRT Hellcat;717, 656;01/01/2022;3.5;69,995
221;Ford;GT;660, 550;01/01/2022;2.9;500,000
222;Porsche;Taycan Turbo S;750, 774;01/01/2021;2.6;185,000
223;Lamborghini;Urus;641, 627;01/01/2021;3.2;218,009
224;Ferrari;812 Superfast;789, 530;01/01/2021;2.9;363,730
225;Audi;R8 Spyder;562, 406;01/01/2022;3.5;183,300
226;McLaren;GT;612, 465;01/01/2021;3.1;210,000
227;BMW;M4;473, 406;01/01/2022;4.1;73,795
228;Mercedes-Benz;AMG GT R;577, 516;01/01/2021;3.5;183,000
229;Chevrolet;Corvette Stingray;495, 470;01/01/2021;2.9;60,995
230;Aston Martin;DB11;630, 516;01/01/2022;3.5;207,000
231;Bentley;Continental GT;626, 664;01/01/2022;3.5;203,825
232;Jaguar;F-Type R;575, 516;01/01/2021;3.5;103,200
233;Acura;NSX;573, 476;01/01/2022;2.7;157,500
234;Lotus;Evora GT;416, 317;01/01/2021;3.7;99,800
235;Porsche;Cayman GT4;414, 309;01/01/2021;4.2;100,200
236;Alfa Romeo;4C;237, 258;01/01/2020;4.1;67,150
237;Audi;RS5;444, 443;01/01/2022;3.7;77,250
238;BMW;M2 Competition;405, 406;01/01/2021;4;58,900
239;Chevrolet;Camaro ZL1;650, 650;01/01/2021;3.5;64,695
240;Dodge;Charger SRT Hellcat;717, 650;01/01/2022;3.6;71,490
241;Ford;GT;660, 550;01/01/2022;2.8;500,000
242;Lexus;LC 500;471, 398;01/01/2022;4.4;92,950
243;Maserati;GranTurismo;454, 384;01/01/2020;4.8;150,400
244;Nissan;370Z Nismo;350, 276;01/01/2021;4.6;47,820
245;Rolls-Royce;Wraith;624, 605;01/01/2022;4.4;330,000
246;Subaru;WRX STI;310, 290;01/01/2021;4.6;38,170
247;Tesla;Model S Plaid;1020, 1050;01/01/2022;1.9;131,190
248;Porsche;Cayman GT4;414, 309;01/01/2021;4.2;102,000
249;Lamborghini;Aventador;729, 507;01/01/2021;2.9;393,695
250;Ferrari;Portofino;591, 413;01/01/2022;3.3;218,750
251;Audi;RS7;591, 590;01/01/2021;3.5;114,000
252;McLaren;600LT;592, 457;01/01/2021;2.8;256,500
253;BMW;M2;405, 406;01/01/2022;4;58,900
254;Mercedes-Benz;AMG GT;523, 494;01/01/2021;3.8;118,500
255;Chevrolet;Camaro SS;455, 455;01/01/2021;4.1;40,590
256;Ford;Mustang Mach 1;480, 420;01/01/2021;4;52,720
257;Nissan;370Z Nismo;350, 276;01/01/2021;4.6;45,000
258;Porsche;Panamera Turbo;620, 604;01/01/2022;3.1;174,300
259;Lamborghini;Urus;641, 627;01/01/2021;3.2;222,004
260;Ferrari;SF90 Stradale;986, 590;01/01/2022;2.5;625,000
261;Audi;TT RS;394, 354;01/01/2022;3.4;67,895
262;McLaren;GT;612, 465;01/01/2021;3.1;210,000
263;Dodge;Challenger SRT Hellcat;717, 656;01/01/2021;3.5;62,290
264;Aston Martin;DBS Superleggera;715, 663;01/01/2021;3.2;304,995
265;Jaguar;F-Type R;575, 516;01/01/2021;3.5;103,200
266;Lexus;LC 500;471, 398;01/01/2022;4.4;93,050
267;Porsche;Cayman GT4;414, 309;01/01/2022;4.2;101,200
268;BMW;M2 Competition;405, 406;01/01/2022;4;59,895
269;Audi;RS 5 Coupe;444, 443;01/01/2021;3.7;75,100
270;Chevrolet;Camaro ZL1;650, 650;01/01/2021;3.5;64,195
271;Lotus;Evora GT;416, 317;01/01/2022;3.8;105,000
272;McLaren;GT;612, 465;01/01/2021;3.1;211,000
273;Mercedes-Benz;SLS AMG Black Series;622, 468;01/01/2014;3.5;275,000
274;Bugatti;Chiron;1500, 1180;01/01/2021;2.4;2,998,000
275;Koenigsegg;Jesko;1280, 1015;01/01/2021;2.5;3,000,000
276;Ferrari;SF90 Stradale;986, 590;01/01/2021;2.5;625,000
277;Lamborghini;Aventador SVJ;770, 531;01/01/2020;2.8;573,966
278;Rimac;C_Two;1914, 1732;01/01/2022;1.85;2,400,000
279;Pagani;Huayra Roadster BC;791, 774;01/01/2021;2.5;3,500,000
280;Pininfarina;Battista;1874, 1696;01/01/2022;1.9;2,500,000
281;Acura;NSX;573, 476;01/01/2022;2.9;157,500
282;Aston Martin;Vantage;503, 505;01/01/2021;3.5;146,000
283;Bentley;Continental GT;542, 568;01/01/2022;3.9;219,800
284;Dodge;Challenger SRT Hellcat;717, 656;01/01/2022;3.5;70,000
285;Jaguar;F-Type;296, 295;01/01/2022;5.4;61,600
286;Kia;Stinger;368, 376;01/01/2022;4.7;52,200
287;Lotus;Evora GT;416, 317;01/01/2021;3.8;100,450
288;Maserati;GranTurismo;454, 384;01/01/2021;4.8;134,300
289;Porsche;718 Cayman GT4;414, 309;01/01/2022;4.2;102,550
290;Alfa Romeo;Giulia Quadrifoglio;505, 443;01/01/2021;3.8;76,400
291;Audi;RS7;591, 590;01/01/2021;3.5;114,000
292;BMW;M5;600, 553;01/01/2022;3.2;103,500
293;Chevrolet;Camaro ZL1;650, 650;01/01/2022;3.5;69,000
294;Ford;GT;660, 550;01/01/2022;3;500,000
295;Lamborghini;Aventador;770, 531;01/01/2021;2.8;417,826
296;McLaren;Artura;671, 531;01/01/2021;3;225,000
297;Mercedes-Benz;SLS AMG;577, 516;01/01/2021;3.6;247,500
298;Nissan;370Z Nismo;350, 276;01/01/2021;4.8;45,790
299;Porsche;Taycan;616, 774;01/01/2022;2.6;79,900
300;Tesla;Model S;1020, 1050;01/01/2022;1.98;119,000
301;Aston Martin;DBS Superleggera;715, 664;01/01/2022;3.2;307,820
302;Bentley;Continental GT;542, 568;01/01/2022;3.4;207,825
303;Bugatti;Chiron;1479, 1180;01/01/2021;2.3;2,998,000
304;McLaren;570S;562, 443;01/01/2021;3.1;202,500
305;Porsche;Taycan Turbo S;750, 774;01/01/2021;2.6;185,000
306;Lamborghini;Aventador S;730, 509;01/01/2021;2.9;417,826
307;Ferrari;F8 Tributo;710, 568;01/01/2022;2.8;276,550
308;Audi;RS 7;591, 590;01/01/2022;3.5;114,000
309;BMW;M2 CS;444, 406;01/01/2022;4;84,595
310;Mercedes-Benz;SLS AMG;622, 468;01/01/2021;3.2;275,000
311;Chevrolet;Camaro ZL1;650, 650;01/01/2021;3.5;63,000
312;Ford;GT;660, 550;01/01/2022;3;500,000
313;Jaguar;F-Type;575, 516;01/01/2021;3.5;103,200
314;Lotus;Evora GT;416, 317;01/01/2021;3.8;96,950
315;Maserati;GranTurismo;454, 384;01/01/2022;4.8;134,300
316;McLaren;765LT;755, 590;01/01/2021;2.8;358,000
317;Nissan;370Z;332, 270;01/01/2021;5;30,000
318;Pagani;Huayra;730, 738;01/01/2021;3;2,600,000
319;Porsche;Panamera Turbo S;620, 604;01/01/2021;2.9;180,000
320;Tesla;Model S Plaid;1020, 1050;01/01/2021;1.9;131,100
321;Aston Martin;DB11;503, 513;01/01/2021;4;201,495
322;Dodge;Challenger Hellcat Redeye;797, 707;01/01/2022;3.4;82,190
323;Lotus;Evora;416, 317;01/01/2021;3.8;96,950
324;Acura;NSX;573, 476;01/01/2021;2.7;159,495
325;Alfa Romeo;Giulia Quadrifoglio;505, 443;01/01/2021;3.8;76,950
326;Bentley;Continental GT;626, 664;01/01/2021;3.3;202,500
327;Jaguar;F-Type;380, 339;01/01/2022;4.9;70,100
328;Koenigsegg;Jesko;1280, 1015;01/01/2022;2.5;3,000,000
329;Lexus;LC 500;471, 398;01/01/2021;4.4;92,950
330;Maserati;GranTurismo;454, 384;01/01/2022;4.8;132,795
331;McLaren;GT;612, 465;01/01/2022;3.1;215,500
332;Mercedes-AMG;C 63 S Coupe;503, 516;01/01/2022;3.7;80,900
333;Porsche;718 Cayman;300, 280;01/01/2021;4.9;59,900
334;Rolls-Royce;Wraith;624, 605;01/01/2021;4.3;330,000
335;Tesla;Roadster;1000+, -;01/01/2022;1.9;200,000
336;Chevrolet;Camaro SS;455, 455;01/01/2021;4;40,000
337;Ford;GT;660, 550;01/01/2022;3;500,000
338;Acura;NSX;573, 476;01/01/2022;2.7;157,500
339;Aston Martin;DB11;630, 516;01/01/2021;3.7;209,000
340;Bentley;Continental GT;542, 568;01/01/2022;3.9;202,500
341;Bugatti;Chiron;1500, 1180;01/01/2021;2.4;3,000,000
342;Dodge;Challenger Hellcat;717, 656;01/01/2022;3.5;67,500
343;Jaguar;F-Type;575, 516;01/01/2021;3.5;103,200
344;Koenigsegg;Jesko;1280, 1106;01/01/2022;2.5;2,800,000
345;Lexus;LC;471, 398;01/01/2021;4.4;92,950
346;Lotus;Evora GT;416, 317;01/01/2021;3.8;104,200
347;Maserati;GranTurismo;454, 384;01/01/2021;4.7;133,050
348;McLaren;570S;562, 443;01/01/2021;3.1;196,350
349;Mercedes-Benz;AMG C63;503, 516;01/01/2022;3.8;69,900
350;Pagani;Huayra BC;791, 774;01/01/2021;2.7;2,600,000
351;Porsche;Cayman GT4;414, 309;01/01/2022;4.2;102,900
352;Rimac;Nevera;1914, 1696;01/01/2022;1.85;2,400,000
353;Rolls-Royce;Wraith;624, 605;01/01/2021;4.4;338,000
354;Tesla;Roadster;1000+, 10,000+;01/01/2022;1.9;200,000
355;Acura;NSX;573, 476;01/01/2022;2.7;157,500
356;Aston Martin;Vantage;503, 505;01/01/2021;3.5;150,000
357;Bentley;Continental GT;626, 664;01/01/2021;3.6;218,400
358;Dodge;Challenger SRT Hellcat Redeye;797, 707;01/01/2021;3.5;73,000
359;Jaguar;F-Type R;575, 516;01/01/2022;3.5;103,200
360;Lexus;LC 500;471, 398;01/01/2021;4.4;92,950
361;Lotus;Evora GT;416, 317;01/01/2021;3.8;104,970
362;Maserati;GranTurismo;454, 384;01/01/2021;4.8;132,400
363;Porsche;Cayman GT4;414, 309;01/01/2021;4.2;101,200
364;Tesla;Roadster;1,000+, 737;01/01/2023;1.9;200,000
365;Alpine;A110;288, 236;01/01/2021;4.4;71,500
366;Audi;RS7;591, 590;01/01/2021;3.5;114,000
367;BMW;M4;473, 406;01/01/2021;4.1;71,800
368;Chevrolet;Camaro ZL1;650, 650;01/01/2021;3.5;64,195
369;Dodge;Viper;645, 600;01/01/2017;3.3;118,795
370;Ferrari;Portofino;591, 560;01/01/2021;3.5;218,750
371;Jaguar;F-Type;296, 295;01/01/2022;5.4;61,600
372;Lamborghini;Aventador SVJ;770, 531;01/01/2021;2.8;517,700
373;McLaren;600LT;592, 457;01/01/2021;2.8;240,000
374;Aston Martin;DB11;630, 516;01/01/2021;3.5;221,400
375;Bentley;Continental GT;626, 664;01/01/2021;3.6;202,500
376;Bugatti;Chiron;1500, 1180;01/01/2022;2.4;3,000,000
377;Dodge;Challenger SRT Hellcat;717, 656;01/01/2021;3.5;64,100
378;Jaguar;F-Type R;575, 516;01/01/2022;3.5;103,200
379;Koenigsegg;Jesko;1280, 1015;01/01/2022;2.5;2,800,000
380;Lexus;LC 500;471, 398;01/01/2021;4.4;92,950
381;Lotus;Evora GT;416, 317;01/01/2021;3.8;100,450
382;Maserati;GranTurismo;454, 384;01/01/2021;4.8;150,980
383;McLaren;Artura;671, 531;01/01/2022;3;225,000
384;Mercedes-AMG;C 63 S;503, 516;01/01/2022;3.7;81,550
385;Pagani;Huayra;764, 738;01/01/2021;2.8;3,500,000
386;Porsche;Cayman GT4;414, 309;01/01/2021;4.2;102,550
387;Rimac;C_Two;1888, 1696;01/01/2022;1.8;2,400,000
388;Rolls-Royce;Wraith;624, 642;01/01/2021;4.4;330,000
389;Tesla;Roadster;10000+, 0;01/01/2022;1.9;200,000
390;Toyota;Supra;382, 368;01/01/2022;3.9;43,090
391;Acura;NSX;573, 476;01/01/2021;2.7;157,500
392;Aston Martin;Vantage;503, 505;01/01/2021;3.5;146,000
393;Bentley;Continental GT;542, 568;01/01/2022;3.9;207,825
394;Dodge;Challenger SRT Hellcat;717, 656;01/01/2021;3.5;64,195
395;Jaguar;F-Type;380, 339;01/01/2022;4.8;62,250
396;Lexus;LC 500;471, 398;01/01/2022;4.4;92,000
397;Lotus;Evora GT;416, 317;01/01/2021;3.8;105,000
398;Maserati;GranTurismo;454, 384;01/01/2022;4.7;134,300
399;McLaren;570S;562, 443;01/01/2022;2.9;204,550
400;Porsche;Cayman GT4;414, 309;01/01/2021;4.2;102,000
401;Tesla;Model S Plaid;1020, 1050;01/01/2021;1.9;141,190
402;Audi;RS 5;444, 443;01/01/2021;3.5;75,100
403;BMW;M2 Competition;405, 406;01/01/2022;4;59,895
404;Chevrolet;Camaro ZL1;650, 650;01/01/2021;3.5;64,995
405;Dodge;Viper ACR;645, 600;01/01/2017;3.3;126,190
406;Ford;GT;660, 550;01/01/2021;2.9;500,000
407;Porsche;Taycan 4S;482, 472;01/01/2022;3.8;102,900
408;Lamborghini;Aventador S;730, 509;01/01/2021;2.9;417,650
409;Aston Martin;DB11;630, 516;01/01/2021;3.5;205,000
410;Alfa Romeo;Giulia Quadrifoglio;505, 443;01/01/2022;3.8;81,250
411;Audi;RS7 Sportback;591, 590;01/01/2022;3.5;115,045
412;BMW;M4 Competition;503, 479;01/01/2021;3.9;75,695
413;Chevrolet;Camaro SS;455, 455;01/01/2022;4.1;42,000
414;Dodge;Charger Hellcat;717, 650;01/01/2021;3.6;71,490
415;Ferrari;F8 Tributo;710, 568;01/01/2021;2.9;274,280
416;Ford;GT;660, 550;01/01/2021;2.8;500,000
417;Jaguar;F-Type R;575, 516;01/01/2021;3.5;103,200
418;Koenigsegg;Jesko Absolut;1600, 1106;01/01/2022;2.1;2,800,000
419;Lexus;LC 500;471, 398;01/01/2021;4.4;93,050
420;Lotus;Evija;1973, 1254;01/01/2022;2.5;2,750,000
421;McLaren;GT;612, 465;01/01/2022;3.2;210,000
422;Mercedes-Benz;AMG GT Black Series;720, 590;01/01/2021;3.2;326,050
423;Porsche;Cayman GT4;414, 309;01/01/2021;4.2;102,500
424;Lamborghini;Aventador;770, 531;01/01/2021;2.8;417,650
425;Ferrari;Portofino;591, 560;01/01/2021;3.3;218,750
426;Audi;TT RS;394, 354;01/01/2022;3.6;69,000
427;McLaren;600LT Spider;592, 457;01/01/2021;2.8;256,500
428;BMW;M4;473, 406;01/01/2022;4.1;72,800
429;Mercedes-Benz;AMG C 63;503, 516;01/01/2022;3.8;70,000
430;Chevrolet;Camaro SS 1LE;455, 455;01/01/2021;4;44,500
431;Ford;Mustang Mach 1;480, 420;01/01/2021;4;51,000
432;Nissan;370Z Nismo;350, 276;01/01/2021;5.2;45,000
433;Aston Martin;Vantage;503, 505;01/01/2021;3.5;146,000
434;Bugatti;Chiron;1500, 1180;01/01/2022;2.4;3,000,000
435;Koenigsegg;Jesko;1262, 1106;01/01/2021;2.5;3,000,000
436;Pagani;Huayra;764, 738;01/01/2021;2.6;2,600,000
437;McLaren;Speedtail;1035, 848;01/01/2021;2.5;2,300,000
438;Lamborghini;Si√°n;819, 531;01/01/2021;2.8;3,600,000
439;Rimac;C_Two;1914, 1732;01/01/2021;1.8;2,400,000
440;Porsche;Cayman;300, 280;01/01/2022;4.9;59,900
441;Lamborghini;Aventador;770, 531;01/01/2021;2.8;393,695
442;Ferrari;Portofino;591, 413;01/01/2021;3.5;215,000
443;Audi;RS 5;444, 443;01/01/2022;3.7;75,100
444;McLaren;GT;620, 465;01/01/2021;3.1;210,000
445;BMW;Z4 M40i;382, 369;01/01/2022;4.3;63,700
446;Mercedes-Benz;SLC 43;385, 384;01/01/2020;4.6;62,000
447;Chevrolet;Camaro SS;455, 455;01/01/2022;4.3;42,500
448;Ford;Mustang GT;460, 420;01/01/2022;4.3;36,120
449;Nissan;370Z Nismo;350, 276;01/01/2020;4.6;45,790
450;Aston Martin;Vantage;503, 505;01/01/2022;3.6;146,000
451;Bentley;Continental GT;626, 664;01/01/2021;3.3;220,000
452;Porsche;718 Boxster;300, 280;01/01/2022;4.9;62,000
453;Lamborghini;Urus;641, 627;01/01/2021;3.6;222,004
454;Ferrari;F8 Spider;710, 568;01/01/2021;2.9;280,000
455;Audi;TT RS;394, 354;01/01/2022;3.6;69,900
456;McLaren;570S;562, 443;01/01/2021;2.9;208,800
457;BMW;M4;473, 406;01/01/2022;4;72,800
458;Porsche;718 Cayman;300, 280;01/01/2022;4.9;60,500
459;Lamborghini;Aventador;730, 509;01/01/2021;2.9;393,695
460;Ferrari;SF90 Stradale;986, 590;01/01/2022;2.5;625,000
461;Audi;RS5;444, 443;01/01/2022;3.7;75,100
462;McLaren;GT;612, 465;01/01/2021;3.2;208,800
463;BMW;M2;405, 406;01/01/2022;4;58,900
464;Mercedes-Benz;SLS AMG;622, 468;01/01/2015;3.6;229,000
465;Chevrolet;Camaro ZL1;650, 650;01/01/2021;3.5;62,000
466;Ford;GT;660, 550;01/01/2022;3;500,000
467;Nissan;370Z Nismo;350, 276;01/01/2020;5.2;46,200
468;Dodge;Challenger SRT Hellcat;717, 656;01/01/2021;3.6;71,000
469;Aston Martin;DBS Superleggera;715, 663;01/01/2021;3.2;308,000
470;Alfa Romeo;Giulia Quadrifoglio;505, 443;01/01/2022;3.8;80,500
471;Jaguar;F-Type R;575, 516;01/01/2021;3.5;105,900
472;Lotus;Evora GT;416, 317;01/01/2020;3.8;96,950
473;Maserati;GranTurismo;454, 384;01/01/2019;4.7;150,980
474;Porsche;Panamera Turbo S;630, 604;01/01/2022;2.9;180,800
475;Lamborghini;Urus;641, 627;01/01/2021;3.2;218,000
476;Aston Martin;Vantage;503, 505;01/01/2021;3.5;146,000
477;Lotus;Evora;416, 317;01/01/2021;3.8;94,000
478;Alfa Romeo;4C Spider;237, 258;01/01/2020;4.1;67,150
479;Jaguar;F-Type;380, 339;01/01/2022;4.9;70,900
480;Maserati;GranTurismo;454, 384;01/01/2021;4.7;134,300
481;Porsche;Cayman GT4;414, 309;01/01/2021;4.2;100,200
482;Audi;RS5 Coupe;444, 443;01/01/2022;3.7;76,450
483;BMW;M2 Competition;405, 406;01/01/2021;4;58,900
484;Chevrolet;Camaro ZL1;650, 650;01/01/2022;3.5;64,000
485;Dodge;Challenger SRT Hellcat;717, 656;01/01/2022;3.5;61,500
486;Ford;GT;647, 550;01/01/2021;2.8;500,000
487;Lexus;LC 500;471, 398;01/01/2022;4.4;92,950
488;McLaren;570S;562, 443;01/01/2022;3.1;198,950
489;Mercedes-AMG;C63 S Coupe;503, 516;01/01/2021;3.7;77,950
490;Nissan;370Z Nismo;350, 276;01/01/2021;4.9;45,790
491;Porsche;718 Boxster;300, 280;01/01/2021;4.9;62,000
492;Lamborghini;Aventador S;729, 507;01/01/2021;2.9;417,826
493;Ferrari;F8 Tributo;710, 568;01/01/2021;2.9;274,280
494;Audi;TT RS Coupe;394, 354;01/01/2021;3.6;67,600
495;BMW;M4 Coupe;473, 406;01/01/2021;3.8;71,800
496;Acura;NSX;573, 476;01/01/2021;2.7;159,495
497;Aston Martin;DBS Superleggera;715, 664;01/01/2022;3.4;314,500
498;Bentley;Continental GT;626, 664;01/01/2022;3.3;214,425
499;Bugatti;Chiron;1500, 1180;01/01/2022;2.3;3,000,000
500;Dodge;Challenger SRT Hellcat;717, 656;01/01/2022;3.5;71,490
501;Jaguar;F-Type;575, 516;01/01/2021;3.5;105,900
502;Koenigsegg;Jesko;1280, 1106;01/01/2021;2.5;2,800,000
503;Lexus;LC 500;471, 398;01/01/2021;4.4;92,950
504;Lotus;Evora GT;416, 317;01/01/2021;3.8;104,400
505;Maserati;GranTurismo;454, 384;01/01/2022;4.7;150,980
506;McLaren;Artura;671, 531;01/01/2022;3;225,000
507;Pagani;Huayra;764, 738;01/01/2021;2.6;2,600,000
508;Porsche;Cayman GT4;414, 309;01/01/2022;4.2;102,000
509;Rimac;C_Two;1914, 1696;01/01/2021;1.9;2,400,000
510;Rolls-Royce;Wraith;624, 605;01/01/2021;4.4;335,550
511;Tesla;Model S Plaid;1020, 1050;01/01/2021;1.9;141,990
512;Toyota;GR Supra;382, 368;01/01/2022;3.9;43,090
513;TVR;Griffith;500, 420;01/01/2021;3.9;157,500
514;Ultima;RS;1200, 1300;01/01/2021;2.3;220,000
515;W Motors;Fenyr SuperSport;800, 723;01/01/2022;2.7;1,550,000
516;Acura;NSX;573, 476;01/01/2021;2.9;157,500
517;Aston Martin;DBS Superleggera;715, 663;01/01/2022;3.2;308,000
518;Bentley;Continental GT;626, 664;01/01/2021;3.6;202,500
519;Bugatti;Chiron;1500, 1180;01/01/2021;2.3;3,000,000
520;Dodge;Challenger SRT Hellcat;717, 656;01/01/2021;3.5;65,000
521;Jaguar;F-Type;380, 339;01/01/2021;4.9;63,100
522;Lexus;LC 500;471, 398;01/01/2021;4.4;92,950
523;Lotus;Evija;1973, 1254;01/01/2022;2.5;2,600,000
524;Maserati;GranTurismo;454, 384;01/01/2021;4.8;134,300
525;Porsche;Taycan;616, 774;01/01/2021;2.6;185,000
526;Rimac;C_Two;1914, 1696;01/01/2022;1.9;2,400,000
527;Tesla;Model S Plaid;1020, 1050;01/01/2022;1.98;140,000
528;McLaren;Artura;671, 531;01/01/2022;3;225,000
529;Mercedes-Benz;AMG GT Black Series;720, 590;01/01/2021;3.1;325,000
530;Chevrolet;Camaro ZL1;650, 650;01/01/2021;3.5;63,000
531;Ford;GT;647, 550;01/01/2021;3;500,000
532;Aston Martin;DBS Superleggera;715, 664;01/01/2021;3.4;307,820
533;Jaguar;F-Type;575, 516;01/01/2022;3.5;103,200
534;Dodge;Challenger SRT Hellcat Redeye;797, 707;01/01/2021;3.5;80,190
535;Lotus;Evora GT;416, 317;01/01/2022;3.8;105,000
536;Alfa Romeo;4C Spider;237, 258;01/01/2020;4.1;68,745
537;Subaru;WRX STI;310, 290;01/01/2022;5.2;38,170
538;Acura;NSX;573, 476;01/01/2022;2.7;157,500
539;Koenigsegg;Jesko;1280, 1015;01/01/2021;2.5;2,800,000
540;Tesla;Model S Plaid;1020, 1050;01/01/2022;1.98;139,990
541;Bugatti;Chiron Super Sport 300+;1578, 1180;01/01/2022;2.3;5,200,000
542;McLaren;Senna;789, 590;01/01/2020;2.7;1,500,000
543;Porsche;Taycan Turbo S;750, 774;01/01/2022;2.6;185,000
544;Mercedes-Benz;SLS AMG Black Series;622, 468;01/01/2014;3.5;275,000
545;Lexus;LC 500;471, 398;01/01/2022;4.4;93,050
546;Chevrolet;Camaro ZL1;650, 650;01/01/2022;3.5;65,000
547;Audi;RS 7 Sportback;591, 590;01/01/2022;3.5;114,000
548;Ford;GT;660, 550;01/01/2022;3;500,000
549;BMW;M2 CS;444, 406;01/01/2022;3.8;84,595
550;Porsche;Cayman GT4;414, 309;01/01/2022;4.2;102,550
551;Lamborghini;Aventador;770, 531;01/01/2022;2.8;393,695
552;Aston Martin;Vantage;503, 505;01/01/2021;3.6;146,000
553;Lotus;Evora GT;416, 317;01/01/2021;3.8;96,950
554;Porsche;Panamera Turbo S;620, 604;01/01/2021;2.9;180,000
555;Lamborghini;Aventador S;729, 507;01/01/2022;2.9;460,247
556;Ferrari;SF90 Stradale;986, 590;01/01/2021;2.5;625,000
557;Audi;RS 6 Avant;591, 590;01/01/2022;3.1;110,045
558;McLaren;570S;562, 443;01/01/2021;3.1;192,500
559;BMW;M5;600, 553;01/01/2022;3.2;103,500
560;Mercedes-Benz;AMG C 63 S;503, 516;01/01/2021;3.7;77,400
561;Chevrolet;Camaro ZL1;650, 650;01/01/2021;3.5;64,695
562;Dodge;Challenger SRT Hellcat;717, 656;01/01/2021;3.5;64,195
563;Ford;GT;660, 550;01/01/2021;3;500,000
564;Nissan;370Z Nismo;350, 276;01/01/2020;5;46,815
565;Porsche;Cayman GT4;414, 309;01/01/2021;4.2;102,550
566;Audi;TT RS;394, 354;01/01/2021;3.6;67,895
567;Chevrolet;Corvette Z06;625, 650;01/01/2023;2.6;85,000
568;Lamborghini;Urus;641, 626;01/01/2022;3.2;218,009
569;Mercedes-Benz;AMG GT 63 S;630, 664;01/01/2021;3.1;162,900
570;Ferrari;Portofino M;612, 560;01/01/2022;3.5;245,000
571;Bugatti;Chiron;1479, 1180;01/01/2021;2.5;3,000,000
572;Aston Martin;DBS Superleggera;715, 664;01/01/2021;3.4;304,995
573;Lotus;Evora GT;416, 317;01/01/2021;3.8;100,450
574;Porsche;Cayman GT4;414, 309;01/01/2022;4.2;100,200
575;Acura;NSX;573, 476;01/01/2021;2.7;157,500
576;Lexus;LC;471, 398;01/01/2021;4.4;92,950
577;Alfa Romeo;Giulia Quadrifoglio;505, 443;01/01/2021;3.8;74,750
578;Audi;RS7;591, 590;01/01/2021;3.5;114,000
579;Bentley;Continental GT;626, 664;01/01/2021;3.3;218,400
580;BMW;M5;600, 553;01/01/2021;3.2;103,500
581;Chevrolet;Camaro ZL1;650, 650;01/01/2021;3.5;64,695
582;Dodge;Challenger Hellcat;717, 656;01/01/2021;3.5;70,595
583;Ford;GT;647, 550;01/01/2022;3;500,000
584;Jaguar;F-Type R;575, 516;01/01/2021;3.5;103,200
585;Lamborghini;Aventador;730, 509;01/01/2021;2.9;393,695
586;McLaren;570S;562, 443;01/01/2021;3.1;203,500
587;Mercedes-Benz;SLS AMG;583, 479;01/01/2015;3.6;221,580
588;Nissan;370Z Nismo;350, 276;01/01/2020;4.7;47,190
589;Porsche;Boxster;300, 280;01/01/2021;4.9;62,000
590;Porsche;718 Cayman;300, 280;01/01/2022;4.9;61,500
591;Lamborghini;Aventador;759, 531;01/01/2021;2.9;393,695
592;Ferrari;Roma;612, 561;01/01/2021;3.3;222,630
593;Audi;RS 5;444, 442;01/01/2022;3.5;75,400
594;McLaren;570S;562, 443;01/01/2020;3.1;208,000
595;BMW;M2;405, 406;01/01/2022;4.2;58,900
596;Mercedes-Benz;SL;429, 384;01/01/2022;4.9;96,250
597;Chevrolet;Camaro;455, 455;01/01/2021;4;25,000
598;Ford;GT;660, 550;01/01/2022;3;500,000
599;Nissan;370Z Nismo;350, 276;01/01/2021;5;45,000
600;Aston Martin;DBS Superleggera;715, 664;01/01/2021;3.4;307,820
601;Lotus;Evora GT;416, 317;01/01/2021;3.8;100,450
602;Maserati;GranTurismo;454, 384;01/01/2021;4.7;134,300
603;Porsche;Panamera;325, 331;01/01/2022;5.2;88,550
604;Lamborghini;Urus;641, 627;01/01/2021;3.6;218,009
605;Ferrari;SF90 Stradale;986, 590;01/01/2021;2.5;625,000
606;Audi;RS 6;591, 590;01/01/2022;3.5;109,000
607;McLaren;Artura;671, 531;01/01/2022;3;225,000
608;Porsche;Taycan 4S;429, 472;01/01/2021;3.8;103,800
609;Lamborghini;Aventador S;730, 509;01/01/2021;2.9;417,650
610;Ferrari;SF90 Stradale;986, 590;01/01/2021;2.5;625,000
611;Audi;RS 7;591, 590;01/01/2022;3.5;117,000
612;McLaren;570S;562, 443;01/01/2021;3.1;192,500
613;BMW;M4;473, 406;01/01/2021;4;72,800
614;Mercedes-Benz;SLS AMG;622, 468;01/01/2015;3.5;228,000
615;Chevrolet;Camaro SS;455, 455;01/01/2021;4;42,000
616;Ford;GT;660, 550;01/01/2021;3;500,000
617;Nissan;370Z Nismo;350, 276;01/01/2021;5;48,000
618;Aston Martin;DBS Superleggera;715, 664;01/01/2021;3.2;307,820
619;Lexus;LC 500;471, 398;01/01/2021;4.4;93,000
620;Bentley;Continental GT;626, 664;01/01/2021;3.3;202,500
621;Maserati;GranTurismo;454, 384;01/01/2021;4.7;150,980
622;Tesla;Model S Plaid;1020, 1050;01/01/2022;1.98;131,190
623;Rolls-Royce;Dawn;563, 605;01/01/2021;4.3;346,300
624;Bugatti;Chiron Pur Sport;1500, 1180;01/01/2021;2.3;3,599,000
625;McLaren;Senna;789, 590;01/01/2019;2.7;1,050,000
626;Porsche;Panamera Turbo S E-Hybrid;690, 641;01/01/2021;3;186,350
627;Acura;NSX;573, 476;01/01/2021;2.7;157,500
628;Aston Martin;DB11;503, 498;01/01/2021;3.7;205,600
629;Audi;RS7;591, 590;01/01/2021;3.5;114,000
630;Bentley;Continental GT;626, 664;01/01/2021;3.6;201,000
631;Bugatti;Chiron;1500, 1180;01/01/2021;2.5;3,000,000
632;Chevrolet;Camaro ZL1;650, 650;01/01/2022;3.5;67,000
633;Dodge;Challenger Hellcat;717, 656;01/01/2021;3.5;64,000
634;Ferrari;812 Superfast;789, 530;01/01/2021;2.8;340,000
635;Lamborghini;Aventador SVJ;770, 531;01/01/2021;2.8;517,770
636;McLaren;600LT Spider;592, 457;01/01/2021;2.8;256,500
637;Mercedes-AMG;GT Black Series;720, 590;01/01/2021;3.1;325,000
638;Nissan;400Z;400, 350;01/01/2023;4;40,000
639;Porsche;Cayman GT4;414, 309;01/01/2021;4.2;101,000
640;Rimac;Nevera;1914, 1696;01/01/2021;1.9;2,400,000
641;Rolls-Royce;Wraith;624, 605;01/01/2021;4.4;330,000
642;Tesla;Model S Plaid;;01/01/2021;1.9;139,990
643;Toyota;Supra;382, 368;01/01/2021;3.9;43,000
644;Porsche;718 Boxster;300, 280;01/01/2021;4.9;62,000
645;Porsche;718 Boxster;300, 280;01/01/2022;4.9;62,000
646;Lamborghini;Aventador S;730, 509;01/01/2021;2.9;417,826
647;Ferrari;SF90 Stradale;986, 590;01/01/2022;2.5;625,000
648;Audi;RS 7;591, 590;01/01/2022;3.5;114,000
649;McLaren;Artura;671, 531;01/01/2021;3;225,000
650;BMW;M2;405, 406;01/01/2022;4.1;58,900
651;Mercedes-Benz;SLS AMG;583, 479;01/01/2015;3.6;221,580
652;Chevrolet;Camaro ZL1;650, 650;01/01/2021;3.5;64,695
653;Ford;GT;647, 550;01/01/2022;3;500,000
654;Nissan;370Z Nismo;350, 276;01/01/2021;4.8;45,000
655;Dodge;Charger Hellcat;707, 650;01/01/2021;3.6;69,995
656;Aston Martin;DBS Superleggera;715, 663;01/01/2021;3.2;305,000
657;Alfa Romeo;Giulia Quadrifoglio;505, 443;01/01/2021;3.8;75,000
658;Audi;TT RS;394, 354;01/01/2021;3.6;68,000
659;Bentley;Continental GT;626, 664;01/01/2021;3.6;203,825
660;BMW;M5;600, 553;01/01/2022;3.2;103,500
661;Chevrolet;Corvette Stingray;495, 470;01/01/2021;2.9;58,900
662;Dodge;Challenger SRT Hellcat;717, 656;01/01/2021;3.5;63,000
663;Ford;Mustang GT;460, 420;01/01/2022;4;45,000
664;Porsche;Cayman;300, 280;01/01/2022;4.9;59,900
665;Lamborghini;Aventador;770, 531;01/01/2021;2.8;417,826
666;Ferrari;Roma;612, 560;01/01/2022;3.3;222,630
667;Audi;RS7;591, 590;01/01/2022;3.5;114,000
668;McLaren;570S;562, 443;01/01/2021;2.7;204,995
669;BMW;M4;473, 406;01/01/2022;4.1;71,800
670;Mercedes-Benz;SLS AMG;622, 468;01/01/2021;3.5;243,600
671;Chevrolet;Camaro SS;455, 455;01/01/2021;4;42,000
672;Ford;GT;660, 550;01/01/2022;2.8;500,000
673;Nissan;370Z Nismo;350, 276;01/01/2021;5;47,190
674;Porsche;Panamera;325, 331;01/01/2022;5.4;88,550
675;Lamborghini;Urus;641, 627;01/01/2021;3.2;218,000
676;Ferrari;SF90 Stradale;986, 590;01/01/2021;2.5;625,000
677;Audi;RS6;591, 590;01/01/2022;3.5;113,000
678;McLaren;Artura;671, 531;01/01/2021;3;225,000
679;BMW;M2;405, 406;01/01/2022;4;58,900
680;Mercedes-Benz;GT 63;577, 590;01/01/2021;3.3;161,200
681;Chevrolet;Camaro ZL1;650, 650;01/01/2021;3.5;63,000
682;Aston Martin;DBS Superleggera;715, 663;01/01/2021;3.2;310,000
683;Bugatti;Chiron;1500, 1180;01/01/2022;2.4;3,000,000
684;Koenigsegg;Jesko;1280, 1106;01/01/2021;2.5;2,800,000
685;Pagani;Huayra;764, 737;01/01/2021;3;2,600,000
686;Rimac;C_Two;1914, 1696;01/01/2022;1.85;2,400,000
687;McLaren;Senna;789, 590;01/01/2021;2.7;1,000,000
688;Porsche;918 Spyder;887, 944;01/01/2015;2.2;1,800,000
689;Ferrari;SF90 Stradale;986, 590;01/01/2021;2.5;625,000
690;Lamborghini;Aventador SVJ;759, 531;01/01/2020;2.8;517,000
691;Audi;RS 6 Avant;591, 590;01/01/2021;3.5;110,000
692;Bentley;Continental GT Speed;650, 664;01/01/2022;3.5;300,000
693;Chevrolet;Camaro ZL1;650, 650;01/01/2021;3.5;68,000
694;Dodge;Challenger SRT Hellcat;717, 656;01/01/2021;3.5;65,000
695;Ford;GT;660, 550;01/01/2021;2.9;500,000
696;Lexus;LC 500;471, 398;01/01/2022;4.4;92,000
697;Lotus;Evija;1972, 1254;01/01/2022;2.5;2,700,000
698;Mercedes-AMG;GT Black Series;720, 590;01/01/2021;3.1;330,000
699;Aston Martin;DB11;503, 513;01/01/2021;3.9;205,000
700;Bentley;Continental GT;542, 568;01/01/2022;3.9;229,000
701;Jaguar;F-Type;296, 295;01/01/2022;5.4;62,750
702;Lotus;Evora GT;416, 317;01/01/2021;3.8;100,000
703;Maserati;GranTurismo;454, 384;01/01/2021;4.7;135,000
704;Porsche;Boxster;300, 280;01/01/2022;4.9;63,000
705;Alfa Romeo;4C;237, 258;01/01/2020;4.2;67,150
706;Chevrolet;Camaro;455, 455;01/01/2022;4;62,195
707;Dodge;Challenger;305, 268;01/01/2022;6.4;28,000
708;Ford;GT;660, 550;01/01/2022;2.9;500,000
709;Audi;RS7;591, 590;01/01/2022;3.5;115,045
710;BMW;M4;473, 406;01/01/2022;4.1;71,800
711;Lamborghini;Aventador;729, 507;01/01/2021;2.9;393,695
712;Mercedes-Benz;AMG C 63;469, 479;01/01/2021;3.8;69,900
713;Nissan;370Z;350, 276;01/01/2021;5.3;30,090
714;Porsche;Cayman;300, 280;01/01/2022;4.9;68,000
715;BMW;i8;369, 184;01/01/2022;4.2;147,500
716;Chevrolet;Corvette Stingray;495, 470;01/01/2021;2.9;58,900
717;Porsche;Taycan Turbo S;750, 774;01/01/2022;2.6;185,000
718;Lamborghini;Aventador S;729, 507;01/01/2021;2.9;417,650
719;Ferrari;SF90 Stradale;986, 590;01/01/2022;2.5;625,000
720;Audi;RS7;591, 590;01/01/2022;3.5;115,000
721;McLaren;GT;620, 465;01/01/2022;3.1;208,000
722;BMW;M5;600, 553;01/01/2022;3.2;103,500
723;Mercedes-Benz;SLS AMG;730, 590;01/01/2021;2.9;250,000
724;Chevrolet;Camaro ZL1;650, 650;01/01/2021;3.5;63,000
725;Ford;GT;660, 550;01/01/2022;2.8;500,000
726;Nissan;370Z Nismo;350, 276;01/01/2021;5;46,100
727;Porsche;Panamera Turbo S;630, 604;01/01/2022;3.1;180,000
728;Lamborghini;Urus;641, 627;01/01/2021;3.2;218,000
729;Ferrari;Portofino;591, 561;01/01/2022;3.4;250,000
730;Audi;TT RS;394, 354;01/01/2022;3.6;70,000
731;McLaren;570S;562, 443;01/01/2021;3.1;200,000
732;BMW;i8;369, 184;01/01/2022;4.2;148,500
733;Porsche;718 Cayman;300, 280;01/01/2022;4.9;61,500
734;Lamborghini;Aventador;770, 531;01/01/2021;2.8;417,826
735;Ferrari;Portofino;612, 561;01/01/2022;3.3;245,000
736;Audi;TT RS;394, 354;01/01/2022;3.6;67,800
737;McLaren;GT;620, 465;01/01/2022;3.1;211,300
738;BMW;M4;473, 406;01/01/2022;4.1;71,800
739;Mercedes-Benz;SLS AMG;622, 468;01/01/2015;3.5;222,500
740;Chevrolet;Camaro SS;455, 455;01/01/2022;4;43,995
741;Ford;GT;660, 550;01/01/2022;2.9;500,000
742;Nissan;370Z Nismo;350, 276;01/01/2021;4.8;45,790
743;Porsche;911 Turbo S;640, 590;01/01/2022;2.6;208,000
744;McLaren;765LT;755, 590;01/01/2021;2.8;358,000
745;Lamborghini;Urus;641, 627;01/01/2021;3.6;218,009
746;Mercedes-AMG;GT Black Series;720, 590;01/01/2021;3.1;325,000
747;BMW;M5 Competition;617, 553;01/01/2022;3.1;103,500
748;Audi;RS7;591, 590;01/01/2022;3.5;115,000
749;Aston Martin;Vantage;503, 505;01/01/2022;3.5;152,995
750;Ferrari;F8 Spider;710, 568;01/01/2021;2.9;274,280
751;Lexus;LC 500;471, 398;01/01/2022;4.4;102,550
752;Porsche;Taycan;469, 479;01/01/2022;3.8;79,900
753;Lamborghini;Aventador SVJ;759, 531;01/01/2021;2.8;517,770
754;Ferrari;SF90 Stradale;986, 590;01/01/2021;2.5;625,000
755;Audi;RS6 Avant;591, 590;01/01/2021;3.5;109,000
756;McLaren;600LT Spider;592, 457;01/01/2021;2.8;256,500
757;BMW;M4;473, 406;01/01/2022;3.8;71,800
758;Mercedes-Benz;AMG GT R;577, 516;01/01/2021;3.5;180,000
759;Chevrolet;Camaro ZL1;650, 650;01/01/2021;3.5;64,695
760;Ford;GT;660, 550;01/01/2022;3;500,000
761;Nissan;370Z Nismo;350, 276;01/01/2021;5;48,000
762;Porsche;Panamera Turbo S E-Hybrid;690, 642;01/01/2021;3;190,000
763;Lamborghini;Urus;641, 627;01/01/2021;3.5;218,000
764;Ferrari;Portofino M;612, 561;01/01/2021;3.4;235,000
765;Audi;TT RS;394, 354;01/01/2022;3.6;67,600
766;McLaren;Artura;671, 531;01/01/2022;3;225,000
767;BMW;M2 CS;444, 406;01/01/2022;3.8;84,595
768;Mercedes-Benz;SLS AMG Black Series;622, 468;01/01/2021;3.5;335,000
769;Chevrolet;Camaro SS;455, 455;01/01/2021;4;42,000
770;Porsche;718 Boxster;300, 280;01/01/2022;4.9;63,000
771;Lamborghini;Aventador SVJ;759, 531;01/01/2020;2.8;573,966
772;Ferrari;SF90 Stradale;986, 590;01/01/2022;2.5;625,000
773;Audi;TT RS Coupe;394, 354;01/01/2022;3.5;68,000
774;McLaren;GT;612, 465;01/01/2020;3.1;210,000
775;BMW;Z4 Roadster;255, 295;01/01/2022;5.2;50,000
776;Mercedes-Benz;SLS AMG;622, 468;01/01/2015;3.6;200,000
777;Chevrolet;Camaro SS Convertible;455, 455;01/01/2022;4;49,000
778;Ford;GT;660, 550;01/01/2021;2.9;500,000
779;Nissan;370Z Coupe;332, 270;01/01/2020;5;30,090
780;Aston Martin;Vantage;503, 505;01/01/2021;3.6;142,086
781;Bentley;Continental GT;626, 664;01/01/2022;3.3;225,000
782;Bugatti;Chiron;1479, 1180;01/01/2021;2.4;3,000,000
783;Dodge;Challenger SRT Hellcat;717, 656;01/01/2022;3.5;68,000
784;Jaguar;F-Type;296, 295;01/01/2022;5.4;63,700
785;Lotus;Evora GT;416, 317;01/01/2021;3.8;100,000
786;Maserati;GranTurismo;454, 384;01/01/2022;4.7;150,980
787;Aston Martin;DBS Superleggera;715, 664;01/01/2021;3.2;304,995
788;Lotus;Evora GT;416, 317;01/01/2021;3.8;98,395
789;Porsche;Panamera Turbo S E-Hybrid;689, 642;01/01/2021;3;190,000
790;Lamborghini;Aventador SVJ;759, 531;01/01/2021;2.8;517,000
791;Ferrari;SF90 Stradale;986, 590;01/01/2021;2.5;625,000
792;Audi;RS7;591, 590;01/01/2022;3.5;117,000
793;Mercedes-Benz;S63 AMG;603, 664;01/01/2021;3.4;168,000
794;Chevrolet;Camaro ZL1;650, 650;01/01/2021;3.5;64,500
795;Ford;GT;660, 550;01/01/2021;2.8;500,000
796;Nissan;370Z Nismo;350, 276;01/01/2021;4.7;46,000
797;Porsche;718 Cayman GT4;414, 309;01/01/2022;4.2;102,000
798;Mercedes-AMG;C63 S Coupe;503, 516;01/01/2021;3.7;77,500
799;Aston Martin;Vantage;503, 505;01/01/2021;3.5;147,000
800;McLaren;570S;562, 443;01/01/2021;3.1;193,000
801;BMW;M5;600, 553;01/01/2022;3.2;103,500
802;Dodge;Challenger SRT Hellcat;717, 656;01/01/2021;3.5;64,000
803;Lexus;LC 500;471, 398;01/01/2021;4.4;92,950
804;Mercedes-AMG;GT 63 S;630, 664;01/01/2021;3.1;162,000
805;Audi;TT RS;394, 354;01/01/2021;3.6;67,600
806;Acura;NSX;573, 476;01/01/2021;2.9;157,500
807;Porsche;Cayman GT4;414, 309;01/01/2021;4.2;102,000
808;Lamborghini;Aventador S;730, 509;01/01/2021;2.9;417,826
809;Ferrari;SF90 Stradale;986, 590;01/01/2021;2.5;625,000
810;Audi;RS 5;444, 443;01/01/2022;3.5;76,700
811;McLaren;570S Spider;562, 443;01/01/2020;3.1;208,800
812;BMW;M2 Competition;405, 406;01/01/2022;4.2;58,900
813;Mercedes-Benz;C 63 AMG;469, 479;01/01/2022;3.9;69,000
814;Chevrolet;Camaro SS;455, 455;01/01/2021;4;42,000
815;Ford;Mustang GT;460, 420;01/01/2022;4.5;43,000
816;Dodge;Challenger R/T;372, 400;01/01/2021;5.1;35,000
817;Aston Martin;Vantage;503, 505;01/01/2021;3.6;151,000
818;Lotus;Evora GT;416, 317;01/01/2021;3.8;105,000
819;Alfa Romeo;4C Spider;237, 258;01/01/2020;4.1;69,000
820;Jaguar;F-Type;296, 295;01/01/2022;5.4;62,500
821;Tesla;Roadster;1000, 737;01/01/2022;1.9;200,000
822;Koenigsegg;Jesko;1600, 1106;01/01/2022;2.5;3,000,000
823;Bugatti;Chiron Super Sport 300+;1578, 1180;01/01/2021;2.4;5,200,000
824;Rimac;Nevera;1914, 1696;01/01/2021;1.85;2,400,000
825;Porsche;Cayman GT4;414, 309;01/01/2022;4.2;102,100
826;Chevrolet;Camaro ZL1;650, 650;01/01/2022;3.5;63,000
827;Aston Martin;Vantage;503, 505;01/01/2021;3.5;142,086
828;Alfa Romeo;Giulia Quadrifoglio;505, 443;01/01/2022;3.8;83,250
829;Dodge;Challenger SRT Hellcat;717, 656;01/01/2021;3.5;65,000
830;Lexus;LC 500;471, 398;01/01/2022;4.4;93,050
831;Audi;RS 7 Sportback;591, 590;01/01/2021;3.5;114,000
832;BMW;M4 Competition;503, 479;01/01/2022;3.8;74,700
833;Mercedes-Benz;C63 S AMG;503, 516;01/01/2022;3.9;77,600
834;Ford;GT;660, 550;01/01/2022;2.9;500,000
835;McLaren;GT;620, 465;01/01/2021;3.1;210,000
836;Porsche;Panamera Turbo S;630, 604;01/01/2022;2.9;181,100
837;Lamborghini;Aventador S;730, 507;01/01/2021;2.9;417,826
838;Aston Martin;DBS Superleggera;715, 664;01/01/2022;3.2;329,100
839;Audi;TT RS;394, 354;01/01/2022;3.6;67,600
840;Mercedes-Benz;AMG C43 Coupe;385, 384;01/01/2021;4.5;59,900
841;BMW;i8;369, 184;01/01/2022;4.2;147,500
842;Chevrolet;Corvette Stingray;490, 465;01/01/2021;2.9;59,900
843;Porsche;Taycan;469, 263;01/01/2022;3.8;81,250
844;Lamborghini;Aventador;730, 509;01/01/2021;2.9;517,000
845;Ferrari;Roma;611, 560;01/01/2021;3.3;222,620
846;Audi;RS7;591, 590;01/01/2022;3.5;115,000
847;McLaren;GT;612, 465;01/01/2021;3.1;210,000
848;BMW;M2;405, 406;01/01/2022;4.2;58,900
849;Mercedes-Benz;C63 AMG;469, 479;01/01/2021;3.9;77,000
850;Chevrolet;Camaro SS;455, 455;01/01/2021;4.1;43,995
851;Ford;Mustang Mach 1;480, 420;01/01/2021;4.1;51,720
852;Nissan;370Z Nismo;350, 276;01/01/2021;4.8;46,610
853;Porsche;Panamera;325, 331;01/01/2022;5.3;88,550
854;Lamborghini;Urus;641, 627;01/01/2021;3.6;218,009
855;Ferrari;SF90 Stradale;986, 590;01/01/2021;2.5;625,000
856;Audi;RS6;591, 590;01/01/2022;3.5;120,000
857;McLaren;570S;562, 443;01/01/2021;3.1;192,500
858;BMW;M4;503, 479;01/01/2022;3.8;74,000
859;Mercedes-Benz;AMG A45;382, 354;01/01/2021;4;50,000
860;Chevrolet;Camaro ZL1;650, 650;01/01/2021;3.5;63,995
861;Acura;NSX;573, 476;01/01/2021;2.7;157,500
862;Aston Martin;Vantage;503, 505;01/01/2021;3.5;142,086
863;Bentley;Continental GT;542, 568;01/01/2021;3.3;202,500
864;Bugatti;Chiron;1479, 1180;01/01/2022;2.4;2,900,000
865;Ferrari;F8 Tributo;710, 568;01/01/2022;2.8;275,000
866;Lamborghini;Aventador;730, 509;01/01/2021;2.9;517,000
867;McLaren;GT;612, 465;01/01/2021;3.1;201,500
868;Mercedes-Benz;AMG GT R;577, 516;01/01/2021;3.5;183,000
869;Porsche;Taycan Turbo S;750, 774;01/01/2021;2.6;185,000
870;Audi;RS7;591, 590;01/01/2021;3.5;114,000
871;BMW;M4;473, 406;01/01/2021;4.1;71,800
872;Chevrolet;Camaro ZL1;650, 650;01/01/2021;3.5;63,000
873;Dodge;Challenger SRT Hellcat Redeye;797, 707;01/01/2022;3.5;80,190
874;Ford;GT;660, 550;01/01/2022;2.8;500,000
875;Jaguar;F-Type;380, 339;01/01/2021;4.4;62,750
876;Lexus;LC 500;471, 398;01/01/2021;4.4;92,000
877;Lotus;Evija;2000, 1254;01/01/2021;2.8;2,800,000
878;Maserati;GranTurismo;;01/01/2021;2.8;200,000
879;Nissan;370Z;332, 270;01/01/2021;5;30,090
880;Rolls-Royce;Ghost;563, 627;01/01/2021;4.6;332,500
881;Porsche;Taycan;402, 254;01/01/2021;5.1;81,250
882;Aston Martin;DB11;630, 516;01/01/2021;3.7;198,995
883;Lotus;Evora GT;416, 317;01/01/2021;3.8;105,000
884;Acura;NSX;573, 476;01/01/2022;2.7;157,500
885;Tesla;Roadster;10,000, 7,376;01/01/2022;1.9;200,000
886;Chevrolet;Camaro;455, 455;01/01/2022;4;25,000
887;Dodge;Charger;797, 707;01/01/2021;3.3;72,000
888;Jaguar;F-Type;380, 339;01/01/2021;4.9;62,750
889;Lexus;LC 500;471, 398;01/01/2021;4.4;93,000
890;BMW;M4;473, 406;01/01/2022;4.1;71,800
891;Ford;GT;660, 550;01/01/2021;2.9;500,000
892;Maserati;GranTurismo;454, 384;01/01/2021;4.7;150,980
893;McLaren;600LT;592, 457;01/01/2021;2.8;256,500
894;Mercedes-Benz;SLS AMG;622, 468;01/01/2021;3.6;254,995
895;Nissan;370Z;332, 270;01/01/2021;5.2;30,000
896;Audi;RS 7;591, 590;01/01/2021;3.4;114,000
897;Bentley;Continental GT;542, 568;01/01/2021;3.9;220,000
898;Bugatti;Chiron;1,500, 1,180;01/01/2021;2.4;3,000,000
899;Porsche;Cayman;300, 280;01/01/2022;4.5;59,900
900;Aston Martin;Vantage;503, 505;01/01/2021;3.5;147,000
901;Alfa Romeo;4C Spider;237, 258;01/01/2020;4.1;67,150
902;Audi;RS 5;444, 443;01/01/2022;3.5;75,100
903;BMW;M2;405, 406;01/01/2022;4;58,900
904;Dodge;Challenger SRT Hellcat;717, 656;01/01/2021;3.5;60,695
905;Ferrari;F8 Spider;710, 568;01/01/2022;2.9;274,390
906;Jaguar;F-Type;296, 295;01/01/2021;5.4;64,700
907;Lamborghini;Aventador;759, 531;01/01/2021;2.9;517,770
908;Lexus;LC 500;471, 398;01/01/2022;4.4;92,950
909;Lotus;Evora GT;416, 317;01/01/2021;3.8;99,990
910;Maserati;GranTurismo;454, 384;01/01/2021;4.7;150,800
911;McLaren;GT;612, 465;01/01/2021;3.1;210,000
912;Mercedes-Benz;AMG C 63;469, 479;01/01/2021;3.8;67,600
913;Nissan;370Z Nismo;350, 276;01/01/2021;4.5;45,790
914;Porsche;Panamera;325, 331;01/01/2022;5.3;88,800
915;Subaru;WRX STI;310, 290;01/01/2021;5.2;38,170
916;Tesla;Roadster;;01/01/2022;1.9;200,000
917;Porsche;718 Cayman;300, 280;01/01/2022;4.9;61,500
918;Lamborghini;Aventador;729, 509;01/01/2021;2.9;393,695
919;Ferrari;SF90 Stradale;986, 590;01/01/2022;2.5;625,000
920;Audi;RS5 Coupe;444, 443;01/01/2022;3.5;76,350
921;McLaren;570S;562, 443;01/01/2021;3.1;202,000
922;BMW;M2;405, 406;01/01/2022;4;58,900
923;Mercedes-Benz;SL;429, 384;01/01/2022;4.4;96,000
924;Chevrolet;Camaro;455, 455;01/01/2021;4;25,000
925;Ford;GT;660, 550;01/01/2022;2.8;500,000
926;Nissan;370Z;332, 270;01/01/2021;5.3;33,000
927;Alfa Romeo;Giulia Quadrifoglio;505, 443;01/01/2021;3.8;75,250
928;Aston Martin;DB11;630, 516;01/01/2022;3.7;201,495
929;Bentley;Continental GT;626, 664;01/01/2021;3.3;201,000
930;Dodge;Challenger;485, 475;01/01/2021;3.8;62,000
931;Jaguar;F-Type R;575, 516;01/01/2022;3.5;103,200
932;Lexus;LC 500;471, 398;01/01/2022;4.4;92,950
933;Lotus;Evora GT;416, 317;01/01/2021;3.8;99,000
934;Maserati;GranTurismo;454, 384;01/01/2021;4.7;150,000
935;Porsche;Cayman GT4;414, 309;01/01/2021;4.2;102,500
936;Aston Martin;Vantage;503, 505;01/01/2022;3.5;149,995
937;Dodge;Charger SRT Hellcat;717, 650;01/01/2022;3.5;78,595
938;Audi;RS 7;591, 590;01/01/2021;3.5;114,000
939;Chevrolet;Camaro SS;455, 455;01/01/2022;4.1;37,500
940;Ford;Mustang GT;460, 420;01/01/2022;4;38,500
941;Jaguar;F-Type R;575, 516;01/01/2022;3.5;103,200
942;Lexus;LC 500;471, 398;01/01/2022;4.4;92,950
943;McLaren;570S;562, 443;01/01/2021;3.1;208,800
944;Mercedes-Benz;AMG C63;469, 479;01/01/2022;3.8;71,450
945;Nissan;370Z Nismo;350, 276;01/01/2021;4.9;47,820
946;Porsche;Panamera GTS;473, 457;01/01/2021;3.9;134,150
947;Audi;TT RS;394, 354;01/01/2022;3.6;67,600
948;BMW;M4;473, 406;01/01/2021;3.8;71,800
949;Ferrari;F8 Tributo;710, 568;01/01/2021;2.8;274,280
950;Lamborghini;Aventador;770, 531;01/01/2021;2.9;393,695
951;McLaren;GT;612, 465;01/01/2021;3.1;250,000
952;Mercedes-Benz;AMG GT 4-Door Coupe;630, 664;01/01/2021;3.1;171,200
953;Aston Martin;DBS Superleggera;715, 663;01/01/2022;3.4;321,000
954;Lotus;Evora GT;416, 317;01/01/2021;3.8;100,500
955;Porsche;Taycan Turbo S;750, 774;01/01/2021;2.6;185,000
956;McLaren;570S;562, 443;01/01/2021;3.1;195,000
957;Lamborghini;Aventador SVJ;759, 531;01/01/2021;2.8;517,770
958;Ford;GT;660, 550;01/01/2021;3;500,000
959;Audi;RS7 Sportback;591, 590;01/01/2022;3.5;114,000
960;BMW;M4;473, 406;01/01/2022;4.1;72,800
961;Mercedes-AMG;C63 S;503, 516;01/01/2022;3.7;78,100
962;Chevrolet;Camaro ZL1;650, 650;01/01/2021;3.5;63,000
963;Dodge;Charger Hellcat;717, 650;01/01/2021;3.6;70,000
964;Alfa Romeo;Giulia Quadrifoglio;505, 443;01/01/2021;3.8;78,450
965;Tesla;Model S Plaid;1,020, 1,050;01/01/2022;1.9;141,190
966;Ferrari;SF90 Stradale;986, 590;01/01/2021;2.5;625,000
967;Porsche;Panamera Turbo S E-Hybrid;689, 642;01/01/2021;3;190,000
968;McLaren;Artura;671, 531;01/01/2022;3;225,000
969;Lamborghini;Urus;641, 627;01/01/2021;3.6;222,000
970;Ford;Mustang Mach 1;480, 420;01/01/2021;4;52,915
971;Porsche;911;379, 331;01/01/2022;4;101,200
972;Lamborghini;Huracan;630, 443;01/01/2021;2.8;274,390
973;Ferrari;488 GTB;661, 561;01/01/2022;3;333,750
974;Audi;R8;562, 406;01/01/2022;3.2;142,700
975;McLaren;720S;710, 568;01/01/2021;2.7;298,000
976;BMW;M8;617, 553;01/01/2022;3.1;130,000
977;Mercedes-Benz;AMG GT;523, 494;01/01/2021;3.8;118,500
978;Chevrolet;Corvette;490, 465;01/01/2021;2.8;59,900
979;Ford;Mustang Shelby GT500;760, 625;01/01/2022;3.5;81,000
980;Nissan;GT-R Nismo;600, 481;01/01/2021;2.5;212,000
981;Dodge;Challenger SRT Hellcat;717, 656;01/01/2021;3.5;64,195
982;Aston Martin;Vantage;503, 505;01/01/2021;3.6;147,000
983;Bugatti;Chiron;1500, 1180;01/01/2022;2.5;3,900,000
984;Koenigsegg;Jesko;1280, 1015;01/01/2022;2.5;3,000,000
985;Pagani;Huayra;764, 740;01/01/2021;2.8;2,600,000
986;Rimac;Nevera;1914, 1696;01/01/2022;1.85;2,400,000
987;Lotus;Evija;1973, 1254;01/01/2022;2.5;2,000,000
988;Pininfarina;Battista;1872, 1696;01/01/2021;1.9;2,500,000
989;Maserati;MC20;621, 538;01/01/2021;2.9;210,000
990;Porsche;Cayman;300, 280;01/01/2021;5.1;59,900
991;Lamborghini;Aventador;730, 509;01/01/2021;2.9;393,695
992;Ferrari;SF90 Stradale;986, 590;01/01/2021;2.5;625,000
993;Audi;RS 5;444, 443;01/01/2021;3.5;75,100
994;McLaren;GT;612, 465;01/01/2022;3.1;210,000
995;BMW;M2;405, 406;01/01/2021;4;58,900
996;Mercedes-Benz;SLS AMG;622, 468;01/01/2021;3.6;254,500
997;Chevrolet;Camaro;455, 455;01/01/2021;4;25,000
998;Ford;Mustang;310, 350;01/01/2021;5.3;27,205
999;Nissan;370Z;332, 270;01/01/2021;5.1;30,090
1000;Aston Martin;Vantage;503, 505;01/01/2021;3.6;146,000
1001;Bugatti;Chiron;1479, 1180;01/01/2021;2.4;3,000,000
1002;Koenigsegg;Jesko;1280, 1106;01/01/2022;2.5;3,000,000
1003;Lotus;Evija;1972, 1254;01/01/2021;2;2,000,000
1004;McLaren;Senna;789, 590;01/01/2021;2.7;1,000,000
1005;Pagani;Huayra;764, 738;01/01/2021;3;2,600,000
1006;Rimac;Nevera;1888, 1696;01/01/2021;1.85;2,400,000